GivenName,Surname,SamAccountName,Name
Steve,Alcamo,AlcamoS,Steve Alcamo
Ken,Fox,FoxK,Ken Fox
Karl,Reith,ReithK,Karl Reith
Scott,Ross,RossS,Scott Ross
Steve,Murphy,MurphyS,Steve Murphy
Sean,Bajzek,BajzekS,Sean Bajzek
Gregory,Morin,MorinG,Gregory Morin
Dan,Chard,ChardD,Dan Chard
John,Bradley,BradleyJ,John Bradley
